localidad,Type Traditional,Type Traditional & Adults, Type Adults
SUBA,29,2,1
ENGATIVA,19,4,1
KENNEDY,23,0,1
CIUDAD BOLIVAR,13,2,0
USME,15,0,0
BOSA,11,2,1
SAN CRISTOBAL,9,1,1
USAQUEN,11,0,0
RAFAEL URIBE,5,5,0
ANTONIO NARIÑO,5,2,1
BARRIOS UNIDOS,6,0,1
FONTIBON,5,1,0
TUNJUELITO,5,1,0
PUENTE ARANDA,5,0,0
LOS MARTIRES,3,0,0
SANTA FE,2,1,0
TEUSAQUILLO,0,2,1
CHAPINERO,1,0,1
CANDELARIA,1,0,0
