localidad,Sector Official,Sector Non Official
SUBA,9,23
ENGATIVA,8,16
KENNEDY,10,14
CIUDAD BOLIVAR,8,7
USME,11,4
BOSA,6,8
SAN CRISTOBAL,7,4
USAQUEN,5,6
RAFAEL URIBE,9,1
ANTONIO NARIÑO,4,4
BARRIOS UNIDOS,4,3
FONTIBON,5,1
TUNJUELITO,4,2
PUENTE ARANDA,4,1
LOS MARTIRES,2,1
SANTA FE,3,0
TEUSAQUILLO,0,3
CHAPINERO,1,1
CANDELARIA,0,1
