localidad,Type Traditional,Type Adults,Type Traditional & Adults,Sector Official,Sector Non Official
SUBA,29,1,2,9,23
ENGATIVA,19,1,4,8,16
KENNEDY,23,1,0,10,14
CIUDAD BOLIVAR,13,0,2,8,7
USME,15,0,0,11,4
BOSA,11,1,2,6,8
SAN CRISTOBAL,9,1,1,7,4
USAQUEN,11,0,0,5,6
RAFAEL URIBE,5,0,5,9,1
ANTONIO NARIÑO,5,1,2,4,4
BARRIOS UNIDOS,6,1,0,4,3
FONTIBON,5,0,1,5,1
TUNJUELITO,5,0,1,4,2
PUENTE ARANDA,5,0,0,4,1
LOS MARTIRES,3,0,0,2,1
SANTA FE,2,0,1,3,0
TEUSAQUILLO,0,1,2,0,3
CANDELARIA,1,0,0,0,1
CHAPINERO,1,1,0,1,1
